CustomerID,Gender,Age,Annual Income (k$),Spending Score (1-100),Gender_Enc,Cluster,Segment,R_proxy,F_proxy,M_proxy,RFM_Segment
1,Male,38,66,7,0,1,Loyal Customers,Low,Moderate,Moderate,Loyal Customers
2,Female,49,93,14,1,2,New Customers,Low,Low,High,New Customers
3,Male,40,44,79,0,3,Discount Seekers,High,Moderate,Low,Discount Seekers
4,Male,50,120,7,0,2,New Customers,Low,Low,High,New Customers
5,Male,20,65,9,0,1,Loyal Customers,Low,High,Moderate,Loyal Customers
6,Female,35,95,48,1,4,VIP Customers,Moderate,Moderate,High,VIP Customers
7,Male,42,147,72,0,0,VIP Customers,High,Moderate,High,VIP Customers
8,Male,59,43,59,0,3,Discount Seekers,Moderate,Low,Low,Discount Seekers
9,Male,48,146,87,0,0,VIP Customers,High,Low,High,VIP Customers
10,Female,20,88,93,1,4,VIP Customers,High,High,High,VIP Customers
11,Male,57,31,82,0,3,Discount Seekers,High,Low,Low,Discount Seekers
12,Male,63,98,95,0,0,VIP Customers,High,Low,High,VIP Customers
13,Male,41,83,94,0,4,VIP Customers,High,Moderate,High,VIP Customers
14,Male,67,48,39,0,1,Loyal Customers,Moderate,Low,Moderate,Loyal Customers
15,Female,49,20,99,1,3,Discount Seekers,High,Low,Low,Discount Seekers
16,Male,64,67,18,0,1,Loyal Customers,Low,Low,Moderate,Loyal Customers
17,Female,39,140,59,1,0,VIP Customers,Moderate,Moderate,High,VIP Customers
18,Female,40,57,17,1,1,Loyal Customers,Low,Moderate,Moderate,Loyal Customers
19,Female,19,129,14,1,2,New Customers,Low,High,High,New Customers
20,Male,44,125,31,0,2,New Customers,Low,Moderate,High,New Customers
21,Female,59,94,24,1,2,New Customers,Low,Low,High,New Customers
22,Male,19,109,99,0,0,VIP Customers,High,High,High,VIP Customers
23,Female,43,132,60,1,0,VIP Customers,High,Moderate,High,VIP Customers
24,Female,34,22,45,1,1,Loyal Customers,Moderate,Moderate,Low,Loyal Customers
25,Female,57,146,98,1,0,VIP Customers,High,Low,High,VIP Customers
26,Female,50,118,3,1,2,New Customers,Low,Low,High,New Customers
27,Female,26,146,37,1,2,New Customers,Moderate,High,High,New Customers
28,Female,60,39,43,1,1,Loyal Customers,Moderate,Low,Low,Loyal Customers
29,Female,65,110,40,1,2,New Customers,Moderate,Low,High,New Customers
30,Female,56,107,90,1,0,VIP Customers,High,Low,High,VIP Customers
31,Male,46,75,55,0,4,VIP Customers,Moderate,Low,High,VIP Customers
32,Male,59,136,87,0,0,VIP Customers,High,Low,High,VIP Customers
33,Female,43,65,39,1,1,Loyal Customers,Moderate,Moderate,Moderate,Loyal Customers
34,Female,52,35,15,1,1,Loyal Customers,Low,Low,Low,Loyal Customers
35,Female,67,19,4,1,1,Loyal Customers,Low,Low,Low,Loyal Customers
36,Male,42,106,93,0,0,VIP Customers,High,Moderate,High,VIP Customers
37,Female,41,75,86,1,4,VIP Customers,High,Moderate,High,VIP Customers
38,Male,30,36,25,0,1,Loyal Customers,Low,High,Low,Loyal Customers
39,Male,24,84,13,0,2,New Customers,Low,High,High,New Customers
40,Male,53,15,82,0,3,Discount Seekers,High,Low,Low,Discount Seekers
41,Male,62,147,33,0,2,New Customers,Low,Low,High,New Customers
42,Male,37,26,16,0,1,Loyal Customers,Low,Moderate,Low,Loyal Customers
43,Female,18,104,42,1,2,New Customers,Moderate,High,High,New Customers
44,Female,25,60,66,1,4,VIP Customers,High,High,Moderate,VIP Customers
45,Female,63,48,55,1,4,VIP Customers,Moderate,Low,Moderate,VIP Customers
46,Female,33,92,99,1,0,VIP Customers,High,Moderate,High,VIP Customers
47,Female,31,59,42,1,1,Loyal Customers,Moderate,Moderate,Moderate,Loyal Customers
48,Male,29,87,34,0,2,New Customers,Low,High,High,New Customers
49,Female,68,40,30,1,1,Loyal Customers,Low,Low,Low,Loyal Customers
50,Female,40,61,13,1,1,Loyal Customers,Low,Moderate,Moderate,Loyal Customers
51,Male,32,135,13,0,2,New Customers,Low,Moderate,High,New Customers
52,Female,45,70,18,1,1,Loyal Customers,Low,Moderate,High,Loyal Customers
53,Male,51,108,32,0,2,New Customers,Low,Low,High,New Customers
54,Female,19,121,96,1,0,VIP Customers,High,High,High,VIP Customers
55,Male,49,77,99,0,4,VIP Customers,High,Low,High,VIP Customers
56,Female,40,62,39,1,1,Loyal Customers,Moderate,Moderate,Moderate,Loyal Customers
57,Female,39,75,46,1,4,VIP Customers,Moderate,Moderate,High,VIP Customers
58,Male,68,95,29,0,2,New Customers,Low,Low,High,New Customers
59,Male,42,40,62,0,3,Discount Seekers,High,Moderate,Low,Discount Seekers
60,Male,39,50,93,0,3,Discount Seekers,High,Moderate,Moderate,Discount Seekers
61,Male,39,15,62,0,3,Discount Seekers,High,Moderate,Low,Discount Seekers
62,Male,66,22,57,0,3,Discount Seekers,Moderate,Low,Low,Discount Seekers
63,Male,69,127,16,0,2,New Customers,Low,Low,High,New Customers
64,Male,59,113,56,0,0,VIP Customers,Moderate,Low,High,VIP Customers
65,Male,23,61,10,0,1,Loyal Customers,Low,High,Moderate,Loyal Customers
66,Female,32,141,30,1,2,New Customers,Low,Moderate,High,New Customers
67,Female,60,70,25,1,1,Loyal Customers,Low,Low,High,Loyal Customers
68,Male,54,28,84,0,3,Discount Seekers,High,Low,Low,Discount Seekers
69,Female,50,42,5,1,1,Loyal Customers,Low,Low,Low,Loyal Customers
70,Female,25,92,65,1,4,VIP Customers,High,High,High,VIP Customers
71,Female,61,144,94,1,0,VIP Customers,High,Low,High,VIP Customers
72,Female,61,123,49,1,2,New Customers,Moderate,Low,High,New Customers
73,Male,22,28,3,0,1,Loyal Customers,Low,High,Low,Loyal Customers
74,Female,56,70,45,1,4,VIP Customers,Moderate,Low,High,VIP Customers
75,Male,21,129,14,0,2,New Customers,Low,High,High,New Customers
76,Female,23,21,30,1,1,Loyal Customers,Low,High,Low,Loyal Customers
77,Female,62,17,68,1,3,Discount Seekers,High,Low,Low,Discount Seekers
78,Female,49,125,18,1,2,New Customers,Low,Low,High,New Customers
79,Male,69,121,62,0,0,VIP Customers,High,Low,High,VIP Customers
80,Female,47,32,37,1,1,Loyal Customers,Moderate,Low,Low,Loyal Customers
81,Male,64,52,25,0,1,Loyal Customers,Low,Low,Moderate,Loyal Customers
82,Female,52,129,48,1,2,New Customers,Moderate,Low,High,New Customers
83,Male,57,29,65,0,3,Discount Seekers,High,Low,Low,Discount Seekers
84,Female,69,133,53,1,0,VIP Customers,Moderate,Low,High,VIP Customers
85,Male,33,42,79,0,3,Discount Seekers,High,Moderate,Low,Discount Seekers
86,Male,30,53,73,0,3,Discount Seekers,High,High,Moderate,Discount Seekers
87,Female,67,31,15,1,1,Loyal Customers,Low,Low,Low,Loyal Customers
88,Male,59,100,49,0,4,VIP Customers,Moderate,Low,High,VIP Customers
89,Female,47,140,88,1,0,VIP Customers,High,Low,High,VIP Customers
90,Female,36,58,68,1,4,VIP Customers,High,Moderate,Moderate,VIP Customers
91,Female,34,39,12,1,1,Loyal Customers,Low,Moderate,Low,Loyal Customers
92,Female,36,27,59,1,3,Discount Seekers,Moderate,Moderate,Low,Discount Seekers
93,Female,45,39,37,1,1,Loyal Customers,Moderate,Moderate,Low,Loyal Customers
94,Female,43,82,61,1,4,VIP Customers,High,Moderate,High,VIP Customers
95,Female,54,81,43,1,4,VIP Customers,Moderate,Low,High,VIP Customers
96,Female,43,123,70,1,0,VIP Customers,High,Moderate,High,VIP Customers
97,Female,40,125,39,1,2,New Customers,Moderate,Moderate,High,New Customers
98,Female,26,125,56,1,0,VIP Customers,Moderate,High,High,VIP Customers
99,Female,29,48,63,1,3,Discount Seekers,High,High,Moderate,Discount Seekers
100,Male,18,125,46,0,2,New Customers,Moderate,High,High,New Customers
101,Male,18,22,88,0,3,Discount Seekers,High,High,Low,Discount Seekers
102,Female,64,127,11,1,2,New Customers,Low,Low,High,New Customers
103,Female,51,97,62,1,4,VIP Customers,High,Low,High,VIP Customers
104,Female,49,56,77,1,3,Discount Seekers,High,Low,Moderate,Discount Seekers
105,Female,65,115,98,1,0,VIP Customers,High,Low,High,VIP Customers
106,Female,42,20,25,1,1,Loyal Customers,Low,Moderate,Low,Loyal Customers
107,Female,57,40,71,1,3,Discount Seekers,High,Low,Low,Discount Seekers
108,Female,62,78,52,1,4,VIP Customers,Moderate,Low,High,VIP Customers
109,Female,18,73,4,1,1,Loyal Customers,Low,High,High,Loyal Customers
110,Male,33,123,59,0,0,VIP Customers,Moderate,Moderate,High,VIP Customers
111,Female,56,135,72,1,0,VIP Customers,High,Low,High,VIP Customers
112,Male,22,47,20,0,1,Loyal Customers,Low,High,Moderate,Loyal Customers
113,Female,39,35,93,1,3,Discount Seekers,High,Moderate,Low,Discount Seekers
114,Female,46,84,63,1,4,VIP Customers,High,Low,High,VIP Customers
115,Male,20,126,54,0,0,VIP Customers,Moderate,High,High,VIP Customers
116,Female,29,18,74,1,3,Discount Seekers,High,High,Low,Discount Seekers
117,Male,43,108,98,0,0,VIP Customers,High,Moderate,High,VIP Customers
118,Female,33,89,57,1,4,VIP Customers,Moderate,Moderate,High,VIP Customers
119,Female,68,76,90,1,4,VIP Customers,High,Low,High,VIP Customers
120,Male,54,108,41,0,2,New Customers,Moderate,Low,High,New Customers
121,Female,39,109,3,1,2,New Customers,Low,Moderate,High,New Customers
122,Male,46,69,6,0,1,Loyal Customers,Low,Low,Moderate,Loyal Customers
123,Female,31,145,5,1,2,New Customers,Low,Moderate,High,New Customers
124,Male,45,45,5,0,1,Loyal Customers,Low,Moderate,Moderate,Loyal Customers
125,Male,22,54,54,0,4,VIP Customers,Moderate,High,Moderate,VIP Customers
126,Female,64,50,47,1,1,Loyal Customers,Moderate,Low,Moderate,Loyal Customers
127,Female,66,20,87,1,3,Discount Seekers,High,Low,Low,Discount Seekers
128,Male,47,80,49,0,4,VIP Customers,Moderate,Low,High,VIP Customers
129,Female,63,89,9,1,2,New Customers,Low,Low,High,New Customers
130,Female,69,18,99,1,3,Discount Seekers,High,Low,Low,Discount Seekers
131,Female,22,93,20,1,2,New Customers,Low,High,High,New Customers
132,Male,29,148,61,0,0,VIP Customers,High,High,High,VIP Customers
133,Male,33,132,35,0,2,New Customers,Moderate,Moderate,High,New Customers
134,Male,43,127,50,0,2,New Customers,Moderate,Moderate,High,New Customers
135,Male,43,108,82,0,0,VIP Customers,High,Moderate,High,VIP Customers
136,Male,65,76,62,0,4,VIP Customers,High,Low,High,VIP Customers
137,Male,38,93,17,0,2,New Customers,Low,Moderate,High,New Customers
138,Male,56,40,88,0,3,Discount Seekers,High,Low,Low,Discount Seekers
139,Male,53,58,3,0,1,Loyal Customers,Low,Low,Moderate,Loyal Customers
140,Male,50,147,32,0,2,New Customers,Low,Low,High,New Customers
141,Female,47,84,99,1,4,VIP Customers,High,Low,High,VIP Customers
142,Male,54,132,13,0,2,New Customers,Low,Low,High,New Customers
143,Female,40,82,89,1,4,VIP Customers,High,Moderate,High,VIP Customers
144,Female,27,33,73,1,3,Discount Seekers,High,High,Low,Discount Seekers
145,Female,22,34,68,1,3,Discount Seekers,High,High,Low,Discount Seekers
146,Male,53,127,14,0,2,New Customers,Low,Low,High,New Customers
147,Male,51,61,98,0,3,Discount Seekers,High,Low,Moderate,Discount Seekers
148,Male,69,15,11,0,1,Loyal Customers,Low,Low,Low,Loyal Customers
149,Male,48,104,56,0,4,VIP Customers,Moderate,Low,High,VIP Customers
150,Female,27,78,67,1,4,VIP Customers,High,High,High,VIP Customers
151,Male,36,52,92,0,3,Discount Seekers,High,Moderate,Moderate,Discount Seekers
152,Male,49,51,29,0,1,Loyal Customers,Low,Low,Moderate,Loyal Customers
153,Male,18,140,9,0,2,New Customers,Low,High,High,New Customers
154,Male,22,114,67,0,0,VIP Customers,High,High,High,VIP Customers
155,Male,62,91,25,0,2,New Customers,Low,Low,High,New Customers
156,Female,21,17,98,1,3,Discount Seekers,High,High,Low,Discount Seekers
157,Male,33,148,76,0,0,VIP Customers,High,Moderate,High,VIP Customers
158,Female,41,24,42,1,1,Loyal Customers,Moderate,Moderate,Low,Loyal Customers
159,Male,33,19,9,0,1,Loyal Customers,Low,Moderate,Low,Loyal Customers
160,Female,19,144,79,1,0,VIP Customers,High,High,High,VIP Customers
161,Male,66,27,40,0,1,Loyal Customers,Moderate,Low,Low,Loyal Customers
162,Male,45,144,25,0,2,New Customers,Low,Moderate,High,New Customers
163,Female,49,98,5,1,2,New Customers,Low,Low,High,New Customers
164,Female,44,79,11,1,1,Loyal Customers,Low,Moderate,High,Loyal Customers
165,Female,37,77,59,1,4,VIP Customers,Moderate,Moderate,High,VIP Customers
166,Male,41,115,98,0,0,VIP Customers,High,Moderate,High,VIP Customers
167,Female,29,87,88,1,4,VIP Customers,High,High,High,VIP Customers
168,Male,67,31,79,0,3,Discount Seekers,High,Low,Low,Discount Seekers
169,Male,52,23,38,0,1,Loyal Customers,Moderate,Low,Low,Loyal Customers
170,Female,50,52,72,1,3,Discount Seekers,High,Low,Moderate,Discount Seekers
171,Female,50,108,5,1,2,New Customers,Low,Low,High,New Customers
172,Male,68,109,48,0,2,New Customers,Moderate,Low,High,New Customers
173,Male,60,63,90,0,3,Discount Seekers,High,Low,Moderate,Discount Seekers
174,Female,54,83,18,1,2,New Customers,Low,Low,High,New Customers
175,Female,29,76,70,1,4,VIP Customers,High,High,High,VIP Customers
176,Female,20,92,37,1,2,New Customers,Moderate,High,High,New Customers
177,Male,18,131,60,0,0,VIP Customers,High,High,High,VIP Customers
178,Male,50,134,48,0,2,New Customers,Moderate,Low,High,New Customers
179,Male,57,90,77,0,4,VIP Customers,High,Low,High,VIP Customers
180,Male,27,49,28,0,1,Loyal Customers,Low,High,Moderate,Loyal Customers
181,Male,60,15,69,0,3,Discount Seekers,High,Low,Low,Discount Seekers
182,Male,61,54,77,0,3,Discount Seekers,High,Low,Moderate,Discount Seekers
183,Female,46,78,81,1,4,VIP Customers,High,Low,High,VIP Customers
184,Male,30,74,40,0,1,Loyal Customers,Moderate,High,High,Loyal Customers
185,Male,29,78,45,0,4,VIP Customers,Moderate,High,High,VIP Customers
186,Male,48,107,96,0,0,VIP Customers,High,Low,High,VIP Customers
187,Female,63,86,62,1,4,VIP Customers,High,Low,High,VIP Customers
188,Male,19,25,93,0,3,Discount Seekers,High,High,Low,Discount Seekers
189,Male,68,119,58,0,0,VIP Customers,Moderate,Low,High,VIP Customers
190,Female,67,28,67,1,3,Discount Seekers,High,Low,Low,Discount Seekers
191,Male,52,74,56,0,4,VIP Customers,Moderate,Low,High,VIP Customers
192,Male,40,44,40,0,1,Loyal Customers,Moderate,Moderate,Low,Loyal Customers
193,Male,34,49,98,0,3,Discount Seekers,High,Moderate,Moderate,Discount Seekers
194,Male,43,19,40,0,1,Loyal Customers,Moderate,Moderate,Low,Loyal Customers
195,Male,25,97,91,0,0,VIP Customers,High,High,High,VIP Customers
196,Female,46,137,77,1,0,VIP Customers,High,Low,High,VIP Customers
197,Female,43,92,33,1,2,New Customers,Low,Moderate,High,New Customers
198,Female,27,76,6,1,1,Loyal Customers,Low,High,High,Loyal Customers
199,Male,43,146,88,0,0,VIP Customers,High,Moderate,High,VIP Customers
200,Male,51,103,19,0,2,New Customers,Low,Low,High,New Customers
201,Male,68,56,80,0,3,Discount Seekers,High,Low,Moderate,Discount Seekers
202,Female,58,103,40,1,2,New Customers,Moderate,Low,High,New Customers
203,Male,24,54,92,0,3,Discount Seekers,High,High,Moderate,Discount Seekers
204,Male,21,86,97,0,4,VIP Customers,High,High,High,VIP Customers
205,Female,67,53,59,1,4,VIP Customers,Moderate,Low,Moderate,VIP Customers
206,Male,62,118,59,0,0,VIP Customers,Moderate,Low,High,VIP Customers
207,Female,28,28,48,1,1,Loyal Customers,Moderate,High,Low,Loyal Customers
208,Female,46,46,41,1,1,Loyal Customers,Moderate,Low,Moderate,Loyal Customers
209,Female,53,139,13,1,2,New Customers,Low,Low,High,New Customers
210,Male,42,111,45,0,2,New Customers,Moderate,Moderate,High,New Customers
211,Male,38,37,89,0,3,Discount Seekers,High,Moderate,Low,Discount Seekers
212,Male,53,77,53,0,4,VIP Customers,Moderate,Low,High,VIP Customers
213,Male,27,67,42,0,1,Loyal Customers,Moderate,High,Moderate,Loyal Customers
214,Male,54,118,100,0,0,VIP Customers,High,Low,High,VIP Customers
215,Male,26,118,63,0,0,VIP Customers,High,High,High,VIP Customers
216,Male,41,53,27,0,1,Loyal Customers,Low,Moderate,Moderate,Loyal Customers
217,Female,52,148,38,1,2,New Customers,Moderate,Low,High,New Customers
218,Male,66,81,60,0,4,VIP Customers,High,Low,High,VIP Customers
219,Female,52,149,7,1,2,New Customers,Low,Low,High,New Customers
220,Male,65,56,5,0,1,Loyal Customers,Low,Low,Moderate,Loyal Customers
221,Male,53,29,45,0,1,Loyal Customers,Moderate,Low,Low,Loyal Customers
222,Male,35,125,58,0,0,VIP Customers,Moderate,Moderate,High,VIP Customers
223,Female,66,47,31,1,1,Loyal Customers,Low,Low,Moderate,Loyal Customers
224,Female,56,52,23,1,1,Loyal Customers,Low,Low,Moderate,Loyal Customers
225,Female,49,111,42,1,2,New Customers,Moderate,Low,High,New Customers
226,Female,41,47,10,1,1,Loyal Customers,Low,Moderate,Moderate,Loyal Customers
227,Male,40,100,32,0,2,New Customers,Low,Moderate,High,New Customers
228,Female,49,80,53,1,4,VIP Customers,Moderate,Low,High,VIP Customers
229,Male,54,24,30,0,1,Loyal Customers,Low,Low,Low,Loyal Customers
230,Male,29,19,39,0,1,Loyal Customers,Moderate,High,Low,Loyal Customers
231,Female,66,137,31,1,2,New Customers,Low,Low,High,New Customers
232,Female,30,88,82,1,4,VIP Customers,High,High,High,VIP Customers
233,Female,40,111,100,1,0,VIP Customers,High,Moderate,High,VIP Customers
234,Female,42,132,2,1,2,New Customers,Low,Moderate,High,New Customers
235,Female,52,52,78,1,3,Discount Seekers,High,Low,Moderate,Discount Seekers
236,Female,58,61,77,1,4,VIP Customers,High,Low,Moderate,VIP Customers
237,Female,47,123,93,1,0,VIP Customers,High,Low,High,VIP Customers
238,Female,34,29,12,1,1,Loyal Customers,Low,Moderate,Low,Loyal Customers
239,Male,66,19,39,0,1,Loyal Customers,Moderate,Low,Low,Loyal Customers
240,Female,37,61,66,1,4,VIP Customers,High,Moderate,Moderate,VIP Customers
241,Female,65,82,96,1,4,VIP Customers,High,Low,High,VIP Customers
242,Male,42,90,13,0,2,New Customers,Low,Moderate,High,New Customers
243,Female,39,144,46,1,2,New Customers,Moderate,Moderate,High,New Customers
244,Male,30,109,27,0,2,New Customers,Low,High,High,New Customers
245,Male,36,129,17,0,2,New Customers,Low,Moderate,High,New Customers
246,Female,66,50,95,1,3,Discount Seekers,High,Low,Moderate,Discount Seekers
247,Male,53,40,98,0,3,Discount Seekers,High,Low,Low,Discount Seekers
248,Male,29,57,60,0,4,VIP Customers,High,High,Moderate,VIP Customers
249,Male,58,41,64,0,3,Discount Seekers,High,Low,Low,Discount Seekers
250,Male,36,83,88,0,4,VIP Customers,High,Moderate,High,VIP Customers
251,Female,29,25,35,1,1,Loyal Customers,Moderate,High,Low,Loyal Customers
252,Male,26,88,70,0,4,VIP Customers,High,High,High,VIP Customers
253,Female,24,118,83,1,0,VIP Customers,High,High,High,VIP Customers
254,Male,45,52,30,0,1,Loyal Customers,Low,Moderate,Moderate,Loyal Customers
255,Male,31,148,71,0,0,VIP Customers,High,Moderate,High,VIP Customers
256,Male,48,37,74,0,3,Discount Seekers,High,Low,Low,Discount Seekers
257,Male,69,61,96,0,3,Discount Seekers,High,Low,Moderate,Discount Seekers
258,Female,36,104,98,1,0,VIP Customers,High,Moderate,High,VIP Customers
259,Female,64,60,63,1,4,VIP Customers,High,Low,Moderate,VIP Customers
260,Male,33,121,28,0,2,New Customers,Low,Moderate,High,New Customers
261,Male,22,118,60,0,0,VIP Customers,High,High,High,VIP Customers
262,Female,52,125,79,1,0,VIP Customers,High,Low,High,VIP Customers
263,Male,29,118,94,0,0,VIP Customers,High,High,High,VIP Customers
264,Male,42,74,37,0,1,Loyal Customers,Moderate,Moderate,High,Loyal Customers
265,Male,69,114,93,0,0,VIP Customers,High,Low,High,VIP Customers
266,Female,38,82,22,1,1,Loyal Customers,Low,Moderate,High,Loyal Customers
267,Female,53,147,68,1,0,VIP Customers,High,Low,High,VIP Customers
268,Female,40,134,20,1,2,New Customers,Low,Moderate,High,New Customers
269,Male,33,51,96,0,3,Discount Seekers,High,Moderate,Moderate,Discount Seekers
270,Male,56,86,100,0,4,VIP Customers,High,Low,High,VIP Customers
271,Female,62,141,68,1,0,VIP Customers,High,Low,High,VIP Customers
272,Female,59,120,91,1,0,VIP Customers,High,Low,High,VIP Customers
273,Female,56,106,64,1,0,VIP Customers,High,Low,High,VIP Customers
274,Female,31,45,17,1,1,Loyal Customers,Low,Moderate,Moderate,Loyal Customers
275,Male,48,136,12,0,2,New Customers,Low,Low,High,New Customers
276,Female,22,65,22,1,1,Loyal Customers,Low,High,Moderate,Loyal Customers
277,Male,52,43,17,0,1,Loyal Customers,Low,Low,Low,Loyal Customers
278,Female,40,54,10,1,1,Loyal Customers,Low,Moderate,Moderate,Loyal Customers
279,Male,46,55,65,0,4,VIP Customers,High,Low,Moderate,VIP Customers
280,Female,60,25,22,1,1,Loyal Customers,Low,Low,Low,Loyal Customers
281,Female,28,15,90,1,3,Discount Seekers,High,High,Low,Discount Seekers
282,Female,35,60,82,1,3,Discount Seekers,High,Moderate,Moderate,Discount Seekers
283,Female,64,115,50,1,2,New Customers,Moderate,Low,High,New Customers
284,Male,29,104,14,0,2,New Customers,Low,High,High,New Customers
285,Female,26,124,64,1,0,VIP Customers,High,High,High,VIP Customers
286,Male,27,71,47,0,4,VIP Customers,Moderate,High,High,VIP Customers
287,Male,61,15,29,0,1,Loyal Customers,Low,Low,Low,Loyal Customers
288,Male,34,77,76,0,4,VIP Customers,High,Moderate,High,VIP Customers
289,Male,55,69,36,0,1,Loyal Customers,Moderate,Low,Moderate,Loyal Customers
290,Female,24,129,99,1,0,VIP Customers,High,High,High,VIP Customers
291,Male,63,67,52,0,4,VIP Customers,Moderate,Low,Moderate,VIP Customers
292,Male,30,71,76,0,4,VIP Customers,High,High,High,VIP Customers
293,Male,57,131,7,0,2,New Customers,Low,Low,High,New Customers
294,Female,59,49,29,1,1,Loyal Customers,Low,Low,Moderate,Loyal Customers
295,Female,26,77,11,1,1,Loyal Customers,Low,High,High,Loyal Customers
296,Female,67,39,33,1,1,Loyal Customers,Low,Low,Low,Loyal Customers
297,Female,44,104,6,1,2,New Customers,Low,Moderate,High,New Customers
298,Male,19,89,79,0,4,VIP Customers,High,High,High,VIP Customers
299,Male,22,52,32,0,1,Loyal Customers,Low,High,Moderate,Loyal Customers
300,Female,46,144,51,1,0,VIP Customers,Moderate,Low,High,VIP Customers
301,Male,54,149,75,0,0,VIP Customers,High,Low,High,VIP Customers
302,Male,55,105,58,0,4,VIP Customers,Moderate,Low,High,VIP Customers
303,Male,36,31,87,0,3,Discount Seekers,High,Moderate,Low,Discount Seekers
304,Female,25,142,26,1,2,New Customers,Low,High,High,New Customers
305,Female,65,122,98,1,0,VIP Customers,High,Low,High,VIP Customers
306,Male,62,39,46,0,1,Loyal Customers,Moderate,Low,Low,Loyal Customers
307,Female,18,102,98,1,0,VIP Customers,High,High,High,VIP Customers
308,Female,39,43,29,1,1,Loyal Customers,Low,Moderate,Low,Loyal Customers
309,Female,69,77,4,1,1,Loyal Customers,Low,Low,High,Loyal Customers
310,Female,34,128,81,1,0,VIP Customers,High,Moderate,High,VIP Customers
311,Female,24,63,99,1,3,Discount Seekers,High,High,Moderate,Discount Seekers
312,Male,42,95,13,0,2,New Customers,Low,Moderate,High,New Customers
313,Female,62,98,39,1,2,New Customers,Moderate,Low,High,New Customers
314,Male,21,119,15,0,2,New Customers,Low,High,High,New Customers
315,Male,53,132,29,0,2,New Customers,Low,Low,High,New Customers
316,Female,23,100,29,1,2,New Customers,Low,High,High,New Customers
317,Male,48,77,75,0,4,VIP Customers,High,Low,High,VIP Customers
318,Male,36,118,32,0,2,New Customers,Low,Moderate,High,New Customers
319,Male,61,63,2,0,1,Loyal Customers,Low,Low,Moderate,Loyal Customers
320,Female,56,85,47,1,4,VIP Customers,Moderate,Low,High,VIP Customers
321,Female,44,15,78,1,3,Discount Seekers,High,Moderate,Low,Discount Seekers
322,Male,27,137,84,0,0,VIP Customers,High,High,High,VIP Customers
323,Female,43,76,22,1,1,Loyal Customers,Low,Moderate,High,Loyal Customers
324,Female,36,46,75,1,3,Discount Seekers,High,Moderate,Moderate,Discount Seekers
325,Female,56,43,27,1,1,Loyal Customers,Low,Low,Low,Loyal Customers
326,Female,20,63,67,1,4,VIP Customers,High,High,Moderate,VIP Customers
327,Male,62,44,81,0,3,Discount Seekers,High,Low,Low,Discount Seekers
328,Male,30,33,56,0,3,Discount Seekers,Moderate,High,Low,Discount Seekers
329,Female,67,32,92,1,3,Discount Seekers,High,Low,Low,Discount Seekers
330,Female,45,15,93,1,3,Discount Seekers,High,Moderate,Low,Discount Seekers
331,Male,37,92,21,0,2,New Customers,Low,Moderate,High,New Customers
332,Male,45,129,47,0,2,New Customers,Moderate,Moderate,High,New Customers
333,Female,25,127,80,1,0,VIP Customers,High,High,High,VIP Customers
334,Male,58,128,59,0,0,VIP Customers,Moderate,Low,High,VIP Customers
335,Female,56,77,84,1,4,VIP Customers,High,Low,High,VIP Customers
336,Female,18,146,6,1,2,New Customers,Low,High,High,New Customers
337,Male,20,143,19,0,2,New Customers,Low,High,High,New Customers
338,Male,30,22,57,0,3,Discount Seekers,Moderate,High,Low,Discount Seekers
339,Female,45,69,69,1,4,VIP Customers,High,Moderate,Moderate,VIP Customers
340,Female,66,117,3,1,2,New Customers,Low,Low,High,New Customers
341,Male,42,145,1,0,2,New Customers,Low,Moderate,High,New Customers
342,Female,50,46,58,1,3,Discount Seekers,Moderate,Low,Moderate,Discount Seekers
343,Male,55,24,38,0,1,Loyal Customers,Moderate,Low,Low,Loyal Customers
344,Female,23,124,15,1,2,New Customers,Low,High,High,New Customers
345,Male,61,138,34,0,2,New Customers,Low,Low,High,New Customers
346,Male,62,101,61,0,4,VIP Customers,High,Low,High,VIP Customers
347,Male,49,69,35,0,1,Loyal Customers,Moderate,Low,Moderate,Loyal Customers
348,Female,62,46,64,1,3,Discount Seekers,High,Low,Moderate,Discount Seekers
349,Female,64,149,25,1,2,New Customers,Low,Low,High,New Customers
350,Male,38,107,24,0,2,New Customers,Low,Moderate,High,New Customers
351,Female,33,22,12,1,1,Loyal Customers,Low,Moderate,Low,Loyal Customers
352,Male,38,79,18,0,1,Loyal Customers,Low,Moderate,High,Loyal Customers
353,Male,28,71,15,0,1,Loyal Customers,Low,High,High,Loyal Customers
354,Female,54,81,80,1,4,VIP Customers,High,Low,High,VIP Customers
355,Female,53,86,27,1,2,New Customers,Low,Low,High,New Customers
356,Male,52,68,72,0,4,VIP Customers,High,Low,Moderate,VIP Customers
357,Female,36,81,60,1,4,VIP Customers,High,Moderate,High,VIP Customers
358,Female,37,65,46,1,4,VIP Customers,Moderate,Moderate,Moderate,VIP Customers
359,Male,35,111,89,0,0,VIP Customers,High,Moderate,High,VIP Customers
360,Male,64,106,17,0,2,New Customers,Low,Low,High,New Customers
361,Female,58,22,93,1,3,Discount Seekers,High,Low,Low,Discount Seekers
362,Male,66,49,53,0,4,VIP Customers,Moderate,Low,Moderate,VIP Customers
363,Male,31,110,8,0,2,New Customers,Low,Moderate,High,New Customers
364,Female,32,102,79,1,0,VIP Customers,High,Moderate,High,VIP Customers
365,Male,48,92,27,0,2,New Customers,Low,Low,High,New Customers
366,Male,18,46,46,0,1,Loyal Customers,Moderate,High,Moderate,Loyal Customers
367,Female,20,134,50,1,2,New Customers,Moderate,High,High,New Customers
368,Female,33,60,71,1,4,VIP Customers,High,Moderate,Moderate,VIP Customers
369,Male,40,69,3,0,1,Loyal Customers,Low,Moderate,Moderate,Loyal Customers
370,Male,28,21,93,0,3,Discount Seekers,High,High,Low,Discount Seekers
371,Female,29,88,64,1,4,VIP Customers,High,High,High,VIP Customers
372,Female,27,21,44,1,1,Loyal Customers,Moderate,High,Low,Loyal Customers
373,Female,49,99,53,1,4,VIP Customers,Moderate,Low,High,VIP Customers
374,Female,33,126,24,1,2,New Customers,Low,Moderate,High,New Customers
375,Male,25,139,60,0,0,VIP Customers,High,High,High,VIP Customers
376,Female,55,50,3,1,1,Loyal Customers,Low,Low,Moderate,Loyal Customers
377,Female,29,43,20,1,1,Loyal Customers,Low,High,Low,Loyal Customers
378,Male,41,96,46,0,4,VIP Customers,Moderate,Moderate,High,VIP Customers
379,Female,45,16,15,1,1,Loyal Customers,Low,Moderate,Low,Loyal Customers
380,Male,25,143,25,0,2,New Customers,Low,High,High,New Customers
381,Female,45,61,94,1,3,Discount Seekers,High,Moderate,Moderate,Discount Seekers
382,Female,53,25,78,1,3,Discount Seekers,High,Low,Low,Discount Seekers
383,Female,43,144,71,1,0,VIP Customers,High,Moderate,High,VIP Customers
384,Male,25,133,17,0,2,New Customers,Low,High,High,New Customers
385,Male,67,34,84,0,3,Discount Seekers,High,Low,Low,Discount Seekers
386,Female,45,19,100,1,3,Discount Seekers,High,Moderate,Low,Discount Seekers
387,Male,45,51,9,0,1,Loyal Customers,Low,Moderate,Moderate,Loyal Customers
388,Male,54,67,38,0,1,Loyal Customers,Moderate,Low,Moderate,Loyal Customers
389,Male,58,113,48,0,2,New Customers,Moderate,Low,High,New Customers
390,Male,53,100,60,0,4,VIP Customers,High,Low,High,VIP Customers
391,Male,44,122,63,0,0,VIP Customers,High,Moderate,High,VIP Customers
392,Male,34,38,86,0,3,Discount Seekers,High,Moderate,Low,Discount Seekers
393,Female,26,95,2,1,2,New Customers,Low,High,High,New Customers
394,Female,50,134,88,1,0,VIP Customers,High,Low,High,VIP Customers
395,Male,37,73,72,0,4,VIP Customers,High,Moderate,High,VIP Customers
396,Female,30,142,11,1,2,New Customers,Low,High,High,New Customers
397,Female,45,128,64,1,0,VIP Customers,High,Moderate,High,VIP Customers
398,Female,65,129,77,1,0,VIP Customers,High,Low,High,VIP Customers
399,Female,46,28,81,1,3,Discount Seekers,High,Low,Low,Discount Seekers
400,Male,30,23,72,0,3,Discount Seekers,High,High,Low,Discount Seekers
401,Female,63,54,21,1,1,Loyal Customers,Low,Low,Moderate,Loyal Customers
402,Female,52,39,18,1,1,Loyal Customers,Low,Low,Low,Loyal Customers
403,Male,23,117,94,0,0,VIP Customers,High,High,High,VIP Customers
404,Male,35,36,64,0,3,Discount Seekers,High,Moderate,Low,Discount Seekers
405,Female,68,18,82,1,3,Discount Seekers,High,Low,Low,Discount Seekers
406,Female,22,43,95,1,3,Discount Seekers,High,High,Low,Discount Seekers
407,Female,64,123,38,1,2,New Customers,Moderate,Low,High,New Customers
408,Female,42,112,32,1,2,New Customers,Low,Moderate,High,New Customers
409,Female,19,51,11,1,1,Loyal Customers,Low,High,Moderate,Loyal Customers
410,Female,27,89,45,1,4,VIP Customers,Moderate,High,High,VIP Customers
411,Male,47,84,89,0,4,VIP Customers,High,Low,High,VIP Customers
412,Female,67,142,33,1,2,New Customers,Low,Low,High,New Customers
413,Female,62,99,41,1,2,New Customers,Moderate,Low,High,New Customers
414,Male,22,56,8,0,1,Loyal Customers,Low,High,Moderate,Loyal Customers
415,Male,50,114,11,0,2,New Customers,Low,Low,High,New Customers
416,Male,18,55,86,0,3,Discount Seekers,High,High,Moderate,Discount Seekers
417,Male,35,48,51,0,1,Loyal Customers,Moderate,Moderate,Moderate,Loyal Customers
418,Female,49,31,88,1,3,Discount Seekers,High,Low,Low,Discount Seekers
419,Female,64,136,41,1,2,New Customers,Moderate,Low,High,New Customers
420,Female,66,90,17,1,2,New Customers,Low,Low,High,New Customers
421,Female,28,101,76,1,0,VIP Customers,High,High,High,VIP Customers
422,Female,38,131,46,1,2,New Customers,Moderate,Moderate,High,New Customers
423,Female,43,120,32,1,2,New Customers,Low,Moderate,High,New Customers
424,Male,42,100,79,0,0,VIP Customers,High,Moderate,High,VIP Customers
425,Female,39,41,80,1,3,Discount Seekers,High,Moderate,Low,Discount Seekers
426,Male,44,71,54,0,4,VIP Customers,Moderate,Moderate,High,VIP Customers
427,Male,66,45,86,0,3,Discount Seekers,High,Low,Moderate,Discount Seekers
428,Female,30,148,92,1,0,VIP Customers,High,High,High,VIP Customers
429,Male,50,112,20,0,2,New Customers,Low,Low,High,New Customers
430,Female,51,26,33,1,1,Loyal Customers,Low,Low,Low,Loyal Customers
431,Male,58,67,74,0,4,VIP Customers,High,Low,Moderate,VIP Customers
432,Female,52,136,40,1,2,New Customers,Moderate,Low,High,New Customers
433,Male,18,60,32,0,1,Loyal Customers,Low,High,Moderate,Loyal Customers
434,Female,38,78,97,1,4,VIP Customers,High,Moderate,High,VIP Customers
435,Female,65,144,2,1,2,New Customers,Low,Low,High,New Customers
436,Female,23,68,97,1,3,Discount Seekers,High,High,Moderate,Discount Seekers
437,Female,45,121,33,1,2,New Customers,Low,Moderate,High,New Customers
438,Female,34,65,77,1,4,VIP Customers,High,Moderate,Moderate,VIP Customers
439,Male,22,50,30,0,1,Loyal Customers,Low,High,Moderate,Loyal Customers
440,Male,48,129,33,0,2,New Customers,Low,Low,High,New Customers
441,Male,22,40,77,0,3,Discount Seekers,High,High,Low,Discount Seekers
442,Female,55,43,26,1,1,Loyal Customers,Low,Low,Low,Loyal Customers
443,Male,20,25,22,0,1,Loyal Customers,Low,High,Low,Loyal Customers
444,Female,40,54,66,1,4,VIP Customers,High,Moderate,Moderate,VIP Customers
445,Female,54,25,38,1,1,Loyal Customers,Moderate,Low,Low,Loyal Customers
446,Male,54,127,90,0,0,VIP Customers,High,Low,High,VIP Customers
447,Male,27,53,46,0,1,Loyal Customers,Moderate,High,Moderate,Loyal Customers
448,Female,27,68,15,1,1,Loyal Customers,Low,High,Moderate,Loyal Customers
449,Male,36,112,98,0,0,VIP Customers,High,Moderate,High,VIP Customers
450,Female,34,69,44,1,4,VIP Customers,Moderate,Moderate,Moderate,VIP Customers
451,Female,38,125,49,1,2,New Customers,Moderate,Moderate,High,New Customers
452,Female,31,83,75,1,4,VIP Customers,High,Moderate,High,VIP Customers
453,Female,26,70,61,1,4,VIP Customers,High,High,High,VIP Customers
454,Female,63,47,67,1,3,Discount Seekers,High,Low,Moderate,Discount Seekers
455,Male,18,50,6,0,1,Loyal Customers,Low,High,Moderate,Loyal Customers
456,Male,68,95,9,0,2,New Customers,Low,Low,High,New Customers
457,Female,62,123,6,1,2,New Customers,Low,Low,High,New Customers
458,Female,30,87,73,1,4,VIP Customers,High,High,High,VIP Customers
459,Male,21,54,95,0,3,Discount Seekers,High,High,Moderate,Discount Seekers
460,Male,18,31,32,0,1,Loyal Customers,Low,High,Low,Loyal Customers
461,Female,66,143,41,1,2,New Customers,Moderate,Low,High,New Customers
462,Male,57,75,76,0,4,VIP Customers,High,Low,High,VIP Customers
463,Female,49,118,8,1,2,New Customers,Low,Low,High,New Customers
464,Male,51,56,72,0,3,Discount Seekers,High,Low,Moderate,Discount Seekers
465,Female,45,39,50,1,1,Loyal Customers,Moderate,Moderate,Low,Loyal Customers
466,Male,48,53,92,0,3,Discount Seekers,High,Low,Moderate,Discount Seekers
467,Female,25,49,62,1,3,Discount Seekers,High,High,Moderate,Discount Seekers
468,Male,56,145,84,0,0,VIP Customers,High,Low,High,VIP Customers
469,Male,43,122,62,0,0,VIP Customers,High,Moderate,High,VIP Customers
470,Female,51,116,7,1,2,New Customers,Low,Low,High,New Customers
471,Male,20,112,75,0,0,VIP Customers,High,High,High,VIP Customers
472,Female,67,26,84,1,3,Discount Seekers,High,Low,Low,Discount Seekers
473,Male,29,33,80,0,3,Discount Seekers,High,High,Low,Discount Seekers
474,Female,18,115,4,1,2,New Customers,Low,High,High,New Customers
475,Male,61,58,6,0,1,Loyal Customers,Low,Low,Moderate,Loyal Customers
476,Female,22,63,58,1,4,VIP Customers,Moderate,High,Moderate,VIP Customers
477,Male,47,31,22,0,1,Loyal Customers,Low,Low,Low,Loyal Customers
478,Female,47,88,26,1,2,New Customers,Low,Low,High,New Customers
479,Male,34,71,3,0,1,Loyal Customers,Low,Moderate,High,Loyal Customers
480,Female,65,69,41,1,1,Loyal Customers,Moderate,Low,Moderate,Loyal Customers
481,Female,64,61,60,1,4,VIP Customers,High,Low,Moderate,VIP Customers
482,Female,40,26,14,1,1,Loyal Customers,Low,Moderate,Low,Loyal Customers
483,Male,32,76,75,0,4,VIP Customers,High,Moderate,High,VIP Customers
484,Female,54,94,82,1,4,VIP Customers,High,Low,High,VIP Customers
485,Male,38,97,12,0,2,New Customers,Low,Moderate,High,New Customers
486,Female,31,22,87,1,3,Discount Seekers,High,Moderate,Low,Discount Seekers
487,Male,19,95,12,0,2,New Customers,Low,High,High,New Customers
488,Female,28,132,13,1,2,New Customers,Low,High,High,New Customers
489,Male,68,39,25,0,1,Loyal Customers,Low,Low,Low,Loyal Customers
490,Male,56,103,45,0,2,New Customers,Moderate,Low,High,New Customers
491,Female,55,26,19,1,1,Loyal Customers,Low,Low,Low,Loyal Customers
492,Male,51,73,55,0,4,VIP Customers,Moderate,Low,High,VIP Customers
493,Male,55,123,100,0,0,VIP Customers,High,Low,High,VIP Customers
494,Female,67,40,45,1,1,Loyal Customers,Moderate,Low,Low,Loyal Customers
495,Male,51,61,8,0,1,Loyal Customers,Low,Low,Moderate,Loyal Customers
496,Male,35,46,93,0,3,Discount Seekers,High,Moderate,Moderate,Discount Seekers
497,Male,47,24,53,0,3,Discount Seekers,Moderate,Low,Low,Discount Seekers
498,Female,32,30,55,1,3,Discount Seekers,Moderate,Moderate,Low,Discount Seekers
499,Male,44,40,32,0,1,Loyal Customers,Low,Moderate,Low,Loyal Customers
500,Female,68,100,51,1,4,VIP Customers,Moderate,Low,High,VIP Customers
